week_start,segment_id,business_unit,contact_volume,avoidable_contact_rate,repeat_contact_rate,sla_attainment,avg_handle_minutes,claims_pended_rate,auth_turnaround_days,member_abrasion_index,estimated_cost_leakage,utilization_exposure
2026-01-05,SEG-001,Member Services,19042,0.4,0.171,0.868,9.4,0.095,2.0,12.3,122585,31399
2026-01-12,SEG-001,Member Services,16894,0.296,0.086,0.797,8.4,0.07,3.5,10.8,80532,15417
2026-01-19,SEG-001,Member Services,16347,0.349,0.165,0.799,10.7,0.082,2.4,15.6,91738,26925
2026-01-26,SEG-001,Member Services,18626,0.356,0.145,0.888,10.1,0.074,2.8,10.7,106743,17506
2026-02-02,SEG-001,Member Services,17471,0.348,0.146,0.787,9.9,0.106,0.4,14.0,97759,24827
2026-02-09,SEG-001,Member Services,17472,0.316,0.1,0.806,11.0,0.087,1.0,12.8,88888,26150
2026-02-16,SEG-001,Member Services,15777,0.403,0.183,0.795,9.2,0.062,1.4,15.4,102283,15174
2026-02-23,SEG-001,Member Services,15139,0.373,0.143,0.816,9.7,0.031,3.3,12.9,90852,12121
2026-03-02,SEG-001,Member Services,19217,0.375,0.156,0.827,7.8,0.079,2.0,13.1,116017,18801
2026-03-09,SEG-001,Member Services,15502,0.452,0.178,0.725,10.9,0.055,2.9,19.0,112748,24694
2026-03-16,SEG-001,Member Services,16190,0.298,0.103,0.808,11.1,0.124,2.5,13.0,77650,17782
2026-03-23,SEG-001,Member Services,17842,0.424,0.189,0.81,10.5,0.066,2.6,16.0,121732,16767
2026-03-30,SEG-001,Member Services,13153,0.336,0.159,0.797,10.6,0.1,1.5,15.1,71226,13384
2026-04-06,SEG-001,Member Services,15756,0.303,0.112,0.812,11.2,0.089,2.7,13.4,76765,17748
2026-04-13,SEG-001,Member Services,16160,0.377,0.134,0.848,9.5,0.037,2.1,11.3,98146,13714
2026-04-20,SEG-001,Member Services,17735,0.321,0.103,0.769,6.7,0.107,2.8,12.6,91706,27555
2026-04-27,SEG-001,Member Services,12724,0.371,0.151,0.899,11.0,0.053,1.5,12.0,76008,13224
2026-05-04,SEG-001,Member Services,16825,0.289,0.107,0.8,7.2,0.057,1.1,11.7,78262,26904
2026-05-11,SEG-001,Member Services,16992,0.302,0.098,0.747,9.5,0.041,1.3,13.1,82674,17673
2026-05-18,SEG-001,Member Services,14184,0.38,0.181,0.85,12.5,0.057,2.5,17.4,86795,25040
2026-01-05,SEG-002,Member Services,16104,0.326,0.142,0.856,11.9,0.078,1.7,14.5,60432,29961
2026-01-12,SEG-002,Member Services,17919,0.343,0.107,0.845,10.3,0.067,2.3,10.6,70644,50104
2026-01-19,SEG-002,Member Services,17793,0.387,0.122,0.841,11.6,0.081,3.1,13.7,79212,44509
2026-01-26,SEG-002,Member Services,18003,0.428,0.184,0.745,9.4,0.08,2.3,17.1,88700,47882
2026-02-02,SEG-002,Member Services,15223,0.391,0.167,0.804,13.6,0.076,2.4,20.1,68448,34820
2026-02-09,SEG-002,Member Services,16447,0.31,0.112,0.821,10.3,0.076,2.5,11.6,58696,40897
2026-02-16,SEG-002,Member Services,14532,0.362,0.146,0.828,9.2,0.074,3.3,12.6,60432,46309
2026-02-23,SEG-002,Member Services,16060,0.35,0.13,0.817,11.9,0.09,2.8,15.3,64618,27763
2026-03-02,SEG-002,Member Services,13026,0.381,0.144,0.785,12.8,0.07,2.7,18.4,57006,28928
2026-03-09,SEG-002,Member Services,17022,0.379,0.136,0.882,12.2,0.072,3.9,13.7,74118,52338
2026-03-16,SEG-002,Member Services,16773,0.325,0.131,0.779,10.1,0.092,3.5,13.7,62756,28327
2026-03-23,SEG-002,Member Services,16532,0.378,0.114,0.802,12.1,0.07,2.5,15.3,71898,48194
2026-03-30,SEG-002,Member Services,14234,0.305,0.092,0.829,9.3,0.111,3.3,10.0,49841,50393
2026-04-06,SEG-002,Member Services,15122,0.466,0.188,0.744,9.3,0.065,2.0,17.3,81029,43398
2026-04-13,SEG-002,Member Services,14376,0.464,0.217,0.78,11.9,0.049,2.3,20.4,76751,26211
2026-04-20,SEG-002,Member Services,16928,0.309,0.088,0.771,8.4,0.082,1.4,11.8,60122,50016
2026-04-27,SEG-002,Member Services,18258,0.381,0.131,0.861,12.0,0.04,2.8,14.0,80074,47690
2026-05-04,SEG-002,Member Services,16701,0.393,0.163,0.774,9.0,0.077,2.2,15.2,75555,36955
2026-05-11,SEG-002,Member Services,17902,0.379,0.169,0.815,11.1,0.031,2.3,15.8,77936,42622
2026-05-18,SEG-002,Member Services,18164,0.457,0.133,0.767,8.3,0.048,3.2,14.0,95381,59371
2026-01-05,SEG-003,Member Services,21339,0.336,0.16,0.804,10.9,0.09,0.6,15.4,78142,105455
2026-01-12,SEG-003,Member Services,21886,0.332,0.1,0.825,11.2,0.112,3.8,12.5,79265,98711
2026-01-19,SEG-003,Member Services,19734,0.221,0.105,0.754,10.1,0.106,2.6,13.4,47448,67182
2026-01-26,SEG-003,Member Services,21527,0.206,0.086,0.707,8.0,0.067,2.1,13.9,48429,79809
2026-02-02,SEG-003,Member Services,16355,0.268,0.082,0.783,9.8,0.103,2.4,11.1,47753,89479
2026-02-09,SEG-003,Member Services,19504,0.188,0.081,0.905,9.5,0.089,3.5,7.0,39938,100883
2026-02-16,SEG-003,Member Services,18438,0.303,0.145,0.804,10.4,0.092,3.5,13.9,60898,47236
2026-02-23,SEG-003,Member Services,17325,0.219,0.091,0.758,8.0,0.061,2.6,12.4,41300,49465
2026-03-02,SEG-003,Member Services,20022,0.229,0.109,0.823,6.2,0.14,2.6,11.0,50053,61834
2026-03-09,SEG-003,Member Services,16734,0.26,0.078,0.842,10.7,0.091,3.4,10.1,47393,44051
2026-03-16,SEG-003,Member Services,18379,0.302,0.109,0.808,11.3,0.097,3.4,13.7,60484,83942
2026-03-23,SEG-003,Member Services,20581,0.232,0.106,0.871,9.4,0.08,2.2,9.3,52069,83739
2026-03-30,SEG-003,Member Services,18115,0.195,0.072,0.84,9.5,0.052,2.7,8.8,38433,51126
2026-04-06,SEG-003,Member Services,20544,0.2,0.066,0.837,7.5,0.113,2.5,8.6,44843,57883
2026-04-13,SEG-003,Member Services,16971,0.236,0.092,0.85,8.2,0.124,4.1,9.4,43578,75285
2026-04-20,SEG-003,Member Services,20917,0.285,0.11,0.872,8.1,0.132,3.5,9.4,65051,101159
2026-04-27,SEG-003,Member Services,20904,0.232,0.096,0.781,7.2,0.078,1.0,11.8,52865,115103
2026-05-04,SEG-003,Member Services,20278,0.229,0.083,0.756,7.6,0.077,1.1,12.1,50652,70395
2026-05-11,SEG-003,Member Services,14453,0.264,0.09,0.762,10.4,0.05,2.4,12.9,41660,75782
2026-05-18,SEG-003,Member Services,16890,0.262,0.11,0.753,11.5,0.05,2.9,15.9,48320,43500
2026-01-05,SEG-004,Claims Operations,11270,0.489,0.16,0.752,10.6,0.049,2.6,16.8,97527,35280
2026-01-12,SEG-004,Claims Operations,11626,0.513,0.179,0.831,12.7,0.089,2.2,18.3,105616,66624
2026-01-19,SEG-004,Claims Operations,11007,0.507,0.206,0.772,11.3,0.07,3.6,19.2,98784,47476
2026-01-26,SEG-004,Claims Operations,12318,0.526,0.193,0.764,10.3,0.091,2.9,17.5,114661,67632
2026-02-02,SEG-004,Claims Operations,12809,0.497,0.189,0.772,8.2,0.062,2.6,16.4,112554,61105
2026-02-09,SEG-004,Claims Operations,9078,0.58,0.163,0.691,13.1,0.125,2.7,23.0,93190,29700
2026-02-16,SEG-004,Claims Operations,12394,0.519,0.242,0.805,13.3,0.099,2.9,23.1,113882,70915
2026-02-23,SEG-004,Claims Operations,10578,0.536,0.218,0.764,14.4,0.049,3.1,25.0,100394,53989
2026-03-02,SEG-004,Claims Operations,11153,0.445,0.151,0.803,11.2,0.105,0.7,15.5,87916,31924
2026-03-09,SEG-004,Claims Operations,10231,0.495,0.203,0.885,9.3,0.052,1.5,13.3,89562,54369
2026-03-16,SEG-004,Claims Operations,14589,0.481,0.207,0.797,9.7,0.134,2.9,16.4,124166,62565
2026-03-23,SEG-004,Claims Operations,10297,0.599,0.249,0.708,14.2,0.094,3.7,28.1,109209,48705
2026-03-30,SEG-004,Claims Operations,12852,0.52,0.148,0.749,9.7,0.065,4.2,15.3,118183,60780
2026-04-06,SEG-004,Claims Operations,13255,0.584,0.2,0.848,12.0,0.121,4.1,17.6,137104,78159
2026-04-13,SEG-004,Claims Operations,11770,0.477,0.182,0.759,12.4,0.127,4.4,20.5,99456,32769
2026-04-20,SEG-004,Claims Operations,12802,0.542,0.195,0.759,12.2,0.112,3.0,20.6,122873,67290
2026-04-27,SEG-004,Claims Operations,10675,0.37,0.123,0.786,8.9,0.123,2.6,12.9,69844,53679
2026-05-04,SEG-004,Claims Operations,12225,0.48,0.197,0.805,7.9,0.097,4.1,15.7,103881,61376
2026-05-11,SEG-004,Claims Operations,11972,0.493,0.167,0.757,10.4,0.088,1.8,16.6,104483,61598
2026-05-18,SEG-004,Claims Operations,14186,0.548,0.167,0.693,11.7,0.095,2.7,20.8,137458,62357
2026-01-05,SEG-005,Claims Operations,12472,0.333,0.102,0.772,9.9,0.138,2.7,12.5,63217,95302
2026-01-12,SEG-005,Claims Operations,13187,0.349,0.105,0.805,10.0,0.101,4.5,11.5,69859,50564
2026-01-19,SEG-005,Claims Operations,14468,0.43,0.135,0.762,11.4,0.116,2.5,16.5,94590,56690
2026-01-26,SEG-005,Claims Operations,11944,0.349,0.15,0.731,13.1,0.131,3.9,21.0,63430,62088
2026-02-02,SEG-005,Claims Operations,15020,0.381,0.111,0.873,10.7,0.088,4.0,10.5,86990,60951
2026-02-09,SEG-005,Claims Operations,13927,0.299,0.111,0.748,8.3,0.128,3.1,13.7,63323,98708
2026-02-16,SEG-005,Claims Operations,12708,0.349,0.102,0.83,10.9,0.071,1.5,11.9,67427,70280
2026-02-23,SEG-005,Claims Operations,13370,0.404,0.179,0.774,11.1,0.089,2.5,17.7,82019,64868
2026-03-02,SEG-005,Claims Operations,14093,0.358,0.126,0.766,8.4,0.146,1.8,13.7,76654,100712
2026-03-09,SEG-005,Claims Operations,9081,0.488,0.181,0.787,10.0,0.114,2.5,15.6,67321,72247
2026-03-16,SEG-005,Claims Operations,14939,0.401,0.183,0.776,10.1,0.067,2.9,16.2,91018,100498
2026-03-23,SEG-005,Claims Operations,13236,0.406,0.17,0.708,11.2,0.074,3.8,19.6,81578,58718
2026-03-30,SEG-005,Claims Operations,13656,0.318,0.132,0.829,11.4,0.108,4.0,14.0,65938,88869
2026-04-06,SEG-005,Claims Operations,13432,0.397,0.187,0.795,9.6,0.073,2.8,15.6,81031,68857
2026-04-13,SEG-005,Claims Operations,13174,0.37,0.136,0.748,12.9,0.154,2.5,19.5,74100,81870
2026-04-20,SEG-005,Claims Operations,16820,0.425,0.175,0.784,12.9,0.093,2.8,20.0,108589,73840
2026-04-27,SEG-005,Claims Operations,11136,0.415,0.118,0.685,11.0,0.087,3.6,17.8,70315,61840
2026-05-04,SEG-005,Claims Operations,14074,0.384,0.12,0.758,9.3,0.097,3.5,13.7,82186,89047
2026-05-11,SEG-005,Claims Operations,14565,0.404,0.146,0.851,12.4,0.073,2.6,15.6,89422,72791
2026-05-18,SEG-005,Claims Operations,15234,0.3,0.138,0.849,11.5,0.107,2.5,13.9,69540,95203
2026-01-05,SEG-006,Claims Operations,11455,0.568,0.23,0.746,12.2,0.116,2.5,22.8,94973,62805
2026-01-12,SEG-006,Claims Operations,10203,0.57,0.173,0.737,11.7,0.115,2.7,19.7,84855,49371
2026-01-19,SEG-006,Claims Operations,11534,0.587,0.24,0.844,13.0,0.1,2.9,21.1,98930,43349
2026-01-26,SEG-006,Claims Operations,9924,0.571,0.207,0.722,11.6,0.103,2.5,21.6,82797,55774
2026-02-02,SEG-006,Claims Operations,12576,0.639,0.257,0.642,15.8,0.124,3.0,33.3,117355,48081
2026-02-09,SEG-006,Claims Operations,10653,0.679,0.268,0.66,15.8,0.103,3.2,33.1,105602,49802
2026-02-16,SEG-006,Claims Operations,11564,0.629,0.216,0.728,11.4,0.091,2.9,21.3,106157,38099
2026-02-23,SEG-006,Claims Operations,12714,0.646,0.209,0.697,14.3,0.086,0.8,26.9,119822,60894
2026-03-02,SEG-006,Claims Operations,12244,0.556,0.159,0.81,12.8,0.097,1.8,18.2,99368,64491
2026-03-09,SEG-006,Claims Operations,11519,0.685,0.193,0.796,14.0,0.067,2.0,22.2,115121,32978
2026-03-16,SEG-006,Claims Operations,12664,0.621,0.293,0.751,14.3,0.109,2.0,28.9,114756,35302
2026-03-23,SEG-006,Claims Operations,11037,0.635,0.219,0.768,12.9,0.111,3.7,22.7,102375,44998
2026-03-30,SEG-006,Claims Operations,11422,0.648,0.218,0.77,10.3,0.123,1.4,18.3,108011,57710
2026-04-06,SEG-006,Claims Operations,10764,0.719,0.281,0.762,12.4,0.084,2.2,25.0,112946,62266
2026-04-13,SEG-006,Claims Operations,12772,0.579,0.2,0.805,11.4,0.072,3.1,18.1,108040,54643
2026-04-20,SEG-006,Claims Operations,11332,0.632,0.196,0.695,12.3,0.082,2.2,23.1,104594,49528
2026-04-27,SEG-006,Claims Operations,12502,0.645,0.217,0.749,10.5,0.15,2.8,19.4,117705,49846
2026-05-04,SEG-006,Claims Operations,11317,0.668,0.216,0.74,12.8,0.138,3.9,23.2,110361,31530
2026-05-11,SEG-006,Claims Operations,10881,0.654,0.259,0.703,12.2,0.076,1.4,25.6,103967,63443
2026-05-18,SEG-006,Claims Operations,12330,0.677,0.234,0.698,11.7,0.083,2.1,23.7,121866,62439
2026-01-05,SEG-007,Utilization Management,10117,0.341,0.151,0.771,9.9,0.108,3.6,14.7,66891,74010
2026-01-12,SEG-007,Utilization Management,8309,0.398,0.171,0.78,12.0,0.11,4.1,18.6,64195,51238
2026-01-19,SEG-007,Utilization Management,9432,0.369,0.114,0.743,7.8,0.101,3.2,14.0,67531,65037
2026-01-26,SEG-007,Utilization Management,10178,0.265,0.088,0.799,12.2,0.109,4.4,14.4,52399,62415
2026-02-02,SEG-007,Utilization Management,9546,0.407,0.177,0.856,11.4,0.151,3.8,15.2,75408,73787
2026-02-09,SEG-007,Utilization Management,9774,0.382,0.112,0.808,11.7,0.111,2.1,14.3,72420,74130
2026-02-16,SEG-007,Utilization Management,9827,0.368,0.166,0.866,12.9,0.079,3.5,16.8,70150,48359
2026-02-23,SEG-007,Utilization Management,9810,0.413,0.119,0.739,8.4,0.13,4.0,14.4,78531,53745
2026-03-02,SEG-007,Utilization Management,8669,0.269,0.081,0.726,11.3,0.059,4.6,15.1,45202,76335
2026-03-09,SEG-007,Utilization Management,10893,0.37,0.111,0.778,10.2,0.104,3.2,13.0,78201,81800
2026-03-16,SEG-007,Utilization Management,9273,0.366,0.108,0.759,11.4,0.099,2.7,15.4,65863,44222
2026-03-23,SEG-007,Utilization Management,10501,0.284,0.103,0.82,8.2,0.111,3.5,10.9,57928,51234
2026-03-30,SEG-007,Utilization Management,10324,0.348,0.1,0.873,11.0,0.158,2.8,10.6,69627,62311
2026-04-06,SEG-007,Utilization Management,9928,0.402,0.147,0.701,9.2,0.129,3.7,16.9,77445,90009
2026-04-13,SEG-007,Utilization Management,8216,0.311,0.097,0.825,9.2,0.136,4.9,10.4,49509,44825
2026-04-20,SEG-007,Utilization Management,11252,0.395,0.112,0.799,10.5,0.096,4.1,12.8,86233,80988
2026-04-27,SEG-007,Utilization Management,8433,0.328,0.122,0.888,10.3,0.139,4.6,9.9,53583,59080
2026-05-04,SEG-007,Utilization Management,9665,0.34,0.13,0.836,9.1,0.101,4.3,11.6,63826,81047
2026-05-11,SEG-007,Utilization Management,10315,0.355,0.153,0.795,9.0,0.088,3.2,14.0,70965,66102
2026-05-18,SEG-007,Utilization Management,9274,0.315,0.127,0.826,10.8,0.138,3.6,13.1,56648,48159
2026-01-05,SEG-008,Utilization Management,9088,0.323,0.103,0.814,8.8,0.068,3.7,11.1,56001,35684
2026-01-12,SEG-008,Utilization Management,8766,0.353,0.152,0.847,8.6,0.162,2.9,12.2,59095,36410
2026-01-19,SEG-008,Utilization Management,8339,0.489,0.198,0.739,11.5,0.118,2.3,20.3,77832,58887
2026-01-26,SEG-008,Utilization Management,7664,0.355,0.154,0.729,9.2,0.134,3.4,16.3,51990,57343
2026-02-02,SEG-008,Utilization Management,8909,0.388,0.165,0.846,11.0,0.103,3.7,14.4,66067,64250
2026-02-09,SEG-008,Utilization Management,8371,0.322,0.148,0.728,9.1,0.112,2.3,16.0,51494,45642
2026-02-16,SEG-008,Utilization Management,7709,0.458,0.191,0.752,10.7,0.106,2.8,18.4,67366,35995
2026-02-23,SEG-008,Utilization Management,7112,0.447,0.166,0.768,11.9,0.153,3.4,18.6,60757,39306
2026-03-02,SEG-008,Utilization Management,8690,0.349,0.119,0.826,9.5,0.142,3.2,11.4,57969,56574
2026-03-09,SEG-008,Utilization Management,9050,0.373,0.108,0.821,10.9,0.106,2.4,12.5,64405,51818
2026-03-16,SEG-008,Utilization Management,9827,0.442,0.211,0.79,13.1,0.116,4.6,21.7,82894,49202
2026-03-23,SEG-008,Utilization Management,10728,0.487,0.141,0.772,7.2,0.124,3.9,14.2,99874,37812
2026-03-30,SEG-008,Utilization Management,9179,0.412,0.168,0.833,10.4,0.095,1.6,14.0,72274,65858
2026-04-06,SEG-008,Utilization Management,7368,0.371,0.155,0.789,12.9,0.118,3.3,19.0,52219,43282
2026-04-13,SEG-008,Utilization Management,8676,0.418,0.191,0.736,12.3,0.103,4.0,21.5,69314,38011
2026-04-20,SEG-008,Utilization Management,9120,0.317,0.108,0.788,10.0,0.083,3.5,12.2,55199,62472
2026-04-27,SEG-008,Utilization Management,8976,0.414,0.188,0.798,10.7,0.093,2.6,16.7,71052,65899
2026-05-04,SEG-008,Utilization Management,9734,0.346,0.15,0.797,11.6,0.059,2.0,16.4,64310,70640
2026-05-11,SEG-008,Utilization Management,8376,0.376,0.128,0.724,10.1,0.096,3.3,15.5,60184,30009
2026-05-18,SEG-008,Utilization Management,7676,0.356,0.138,0.798,8.9,0.073,2.8,13.2,52143,38401
2026-01-05,SEG-009,Utilization Management,5907,0.475,0.196,0.859,12.6,0.11,4.1,18.0,65918,20634
2026-01-12,SEG-009,Utilization Management,7748,0.475,0.219,0.689,10.8,0.099,3.4,21.9,86386,30381
2026-01-19,SEG-009,Utilization Management,9005,0.523,0.218,0.828,12.3,0.112,3.1,19.5,110662,47522
2026-01-26,SEG-009,Utilization Management,6113,0.596,0.231,0.758,14.6,0.111,1.7,26.1,85564,30958
2026-02-02,SEG-009,Utilization Management,8070,0.56,0.238,0.848,11.4,0.059,1.6,18.4,106220,32237
2026-02-09,SEG-009,Utilization Management,7115,0.569,0.186,0.758,12.3,0.077,3.4,20.5,95081,35932
2026-02-16,SEG-009,Utilization Management,7493,0.607,0.268,0.826,12.6,0.092,2.4,22.5,106925,36125
2026-02-23,SEG-009,Utilization Management,7037,0.521,0.18,0.807,15.1,0.078,2.1,23.0,86151,34051
2026-03-02,SEG-009,Utilization Management,7815,0.518,0.166,0.833,10.9,0.017,4.4,14.7,95058,25474
2026-03-09,SEG-009,Utilization Management,7095,0.645,0.239,0.725,15.8,0.06,2.9,29.6,107606,46686
2026-03-16,SEG-009,Utilization Management,8140,0.52,0.222,0.717,10.8,0.121,1.1,21.2,99428,35943
2026-03-23,SEG-009,Utilization Management,6868,0.509,0.223,0.714,14.5,0.056,2.2,27.1,82180,41822
2026-03-30,SEG-009,Utilization Management,7906,0.489,0.196,0.824,11.3,0.103,2.1,17.0,90898,48156
2026-04-06,SEG-009,Utilization Management,7772,0.505,0.229,0.785,10.6,0.067,2.5,18.8,92214,28721
2026-04-13,SEG-009,Utilization Management,6105,0.502,0.169,0.74,10.9,0.091,3.7,18.1,72004,34275
2026-04-20,SEG-009,Utilization Management,7536,0.507,0.169,0.751,10.2,0.068,2.4,16.5,89794,24460
2026-04-27,SEG-009,Utilization Management,7627,0.517,0.198,0.782,12.6,0.149,2.5,20.8,92684,34120
2026-05-04,SEG-009,Utilization Management,7481,0.606,0.228,0.746,13.1,0.063,2.7,24.1,106432,34445
2026-05-11,SEG-009,Utilization Management,6758,0.485,0.194,0.783,12.6,0.132,4.3,20.5,77080,24481
2026-05-18,SEG-009,Utilization Management,8045,0.517,0.215,0.732,12.4,0.118,3.9,22.8,97736,45592
2026-01-05,SEG-010,Provider Services,8702,0.496,0.223,0.77,12.4,0.09,1.9,22.0,50031,20684
2026-01-12,SEG-010,Provider Services,8215,0.479,0.138,0.816,13.5,0.071,3.1,18.1,45646,37942
2026-01-19,SEG-010,Provider Services,8151,0.434,0.179,0.658,9.5,0.056,2.3,19.9,41029,35148
2026-01-26,SEG-010,Provider Services,8951,0.459,0.165,0.742,9.7,0.084,3.1,16.4,47676,38057
2026-02-02,SEG-010,Provider Services,8103,0.408,0.117,0.797,12.0,0.109,3.4,15.5,38384,27435
2026-02-09,SEG-010,Provider Services,8828,0.438,0.157,0.784,14.4,0.114,1.7,21.5,44834,22320
2026-02-16,SEG-010,Provider Services,8458,0.454,0.153,0.763,13.7,0.067,2.5,21.1,44521,40681
2026-02-23,SEG-010,Provider Services,7882,0.4,0.14,0.791,8.7,0.088,4.0,13.6,36552,26745
2026-03-02,SEG-010,Provider Services,8318,0.48,0.157,0.762,11.6,0.08,2.9,17.8,46296,28941
2026-03-09,SEG-010,Provider Services,7550,0.469,0.159,0.792,11.8,0.068,1.1,17.2,41099,16503
2026-03-16,SEG-010,Provider Services,8329,0.355,0.106,0.777,13.4,0.047,2.4,17.9,34266,23728
2026-03-23,SEG-010,Provider Services,7141,0.267,0.077,0.83,13.1,0.082,1.8,14.4,22075,18685
2026-03-30,SEG-010,Provider Services,7911,0.43,0.149,0.726,11.1,0.101,1.8,17.9,39428,37071
2026-04-06,SEG-010,Provider Services,8077,0.411,0.126,0.823,10.9,0.113,2.0,13.2,38466,25973
2026-04-13,SEG-010,Provider Services,8192,0.443,0.167,0.746,12.4,0.091,3.1,20.1,42085,38049
2026-04-20,SEG-010,Provider Services,8182,0.413,0.169,0.783,12.2,0.057,2.5,18.7,39243,24203
2026-04-27,SEG-010,Provider Services,7232,0.435,0.178,0.778,12.9,0.093,3.6,20.4,36482,20119
2026-05-04,SEG-010,Provider Services,7732,0.436,0.164,0.815,9.9,0.05,3.2,13.8,39115,33330
2026-05-11,SEG-010,Provider Services,9410,0.396,0.131,0.781,10.6,0.07,2.3,14.5,43210,25649
2026-05-18,SEG-010,Provider Services,9161,0.398,0.169,0.762,8.5,0.105,3.7,15.9,42305,37433
2026-01-05,SEG-011,Provider Services,9055,0.371,0.113,0.761,10.5,0.098,1.6,14.2,66528,19607
2026-01-12,SEG-011,Provider Services,8729,0.279,0.104,0.855,9.4,0.089,2.7,9.7,48173,20035
2026-01-19,SEG-011,Provider Services,8138,0.351,0.117,0.767,10.9,0.078,3.2,14.8,56509,28582
2026-01-26,SEG-011,Provider Services,8440,0.361,0.16,0.721,7.8,0.093,2.9,16.8,60251,27860
2026-02-02,SEG-011,Provider Services,8459,0.321,0.095,0.824,7.7,0.07,3.3,10.4,53757,27921
2026-02-09,SEG-011,Provider Services,8600,0.326,0.154,0.846,9.2,0.095,3.5,12.3,55579,25538
2026-02-16,SEG-011,Provider Services,8156,0.321,0.15,0.856,10.9,0.117,2.6,13.2,51896,24522
2026-02-23,SEG-011,Provider Services,9181,0.424,0.141,0.84,10.5,0.063,2.7,12.7,77121,25677
2026-03-02,SEG-011,Provider Services,10324,0.368,0.121,0.76,13.8,0.102,2.8,19.9,75299,37535
2026-03-09,SEG-011,Provider Services,9140,0.341,0.15,0.836,10.7,0.074,2.4,13.5,61677,31212
2026-03-16,SEG-011,Provider Services,8619,0.282,0.12,0.794,10.3,0.11,3.0,12.9,48134,28052
2026-03-23,SEG-011,Provider Services,8451,0.368,0.168,0.899,11.0,0.076,2.2,12.7,61538,17759
2026-03-30,SEG-011,Provider Services,10118,0.339,0.156,0.753,12.6,0.112,1.8,19.7,67894,34403
2026-04-06,SEG-011,Provider Services,9213,0.287,0.114,0.816,10.2,0.095,2.1,11.7,52411,24776
2026-04-13,SEG-011,Provider Services,9906,0.404,0.117,0.853,8.8,0.065,2.6,10.4,79220,37913
2026-04-20,SEG-011,Provider Services,9619,0.345,0.114,0.765,9.7,0.083,2.1,13.2,65716,37745
2026-04-27,SEG-011,Provider Services,9001,0.361,0.128,0.843,9.9,0.102,2.3,11.3,64291,34472
2026-05-04,SEG-011,Provider Services,9341,0.355,0.167,0.872,7.3,0.076,2.3,12.0,65617,18343
2026-05-11,SEG-011,Provider Services,7617,0.392,0.136,0.774,10.5,0.05,2.6,14.8,59103,24428
2026-05-18,SEG-011,Provider Services,8240,0.346,0.131,0.837,12.9,0.106,2.7,16.3,56470,19418
2026-01-05,SEG-012,Provider Services,11532,0.382,0.178,0.802,11.8,0.083,2.7,17.9,92988,26581
2026-01-12,SEG-012,Provider Services,13738,0.357,0.145,0.729,12.4,0.067,4.0,19.8,103348,29847
2026-01-19,SEG-012,Provider Services,11520,0.422,0.153,0.801,12.6,0.069,2.3,17.9,102462,32571
2026-01-26,SEG-012,Provider Services,13190,0.493,0.178,0.814,11.5,0.049,1.4,16.9,137171,39662
2026-02-02,SEG-012,Provider Services,13396,0.359,0.108,0.822,9.6,0.074,3.7,11.0,101322,48200
2026-02-09,SEG-012,Provider Services,10724,0.42,0.181,0.743,10.5,0.086,3.2,17.9,95056,34222
2026-02-16,SEG-012,Provider Services,14315,0.43,0.124,0.753,10.7,0.064,0.9,15.2,129976,54379
2026-02-23,SEG-012,Provider Services,15259,0.397,0.163,0.749,12.5,0.125,3.2,20.0,127824,60587
2026-03-02,SEG-012,Provider Services,10157,0.48,0.142,0.707,7.4,0.08,2.5,16.5,102820,30565
2026-03-09,SEG-012,Provider Services,12880,0.456,0.191,0.758,14.5,0.133,1.3,24.1,123857,44317
2026-03-16,SEG-012,Provider Services,12504,0.449,0.159,0.823,11.4,0.11,1.8,15.5,118371,28039
2026-03-23,SEG-012,Provider Services,12777,0.48,0.217,0.738,14.8,0.129,2.8,26.6,129343,47819
2026-03-30,SEG-012,Provider Services,13255,0.444,0.207,0.836,9.5,0.048,1.7,15.1,124026,33628
2026-04-06,SEG-012,Provider Services,13539,0.465,0.172,0.799,12.5,0.11,1.6,18.8,132698,59421
2026-04-13,SEG-012,Provider Services,13871,0.488,0.224,0.879,11.8,0.082,3.0,17.3,142847,44230
2026-04-20,SEG-012,Provider Services,12210,0.444,0.175,0.838,8.2,0.069,2.4,13.6,114299,32194
2026-04-27,SEG-012,Provider Services,14222,0.389,0.154,0.759,9.6,0.09,1.6,15.3,116641,62185
2026-05-04,SEG-012,Provider Services,14291,0.445,0.184,0.795,10.6,0.062,1.3,16.4,134238,35374
2026-05-11,SEG-012,Provider Services,10070,0.38,0.115,0.775,13.6,0.138,2.4,18.6,80729,28140
2026-05-18,SEG-012,Provider Services,11324,0.388,0.109,0.806,10.8,0.06,2.7,12.9,92650,49845
2026-01-05,SEG-013,Billing and Enrollment,11292,0.454,0.145,0.74,12.4,0.106,2.4,19.4,81038,48868
2026-01-12,SEG-013,Billing and Enrollment,12806,0.453,0.134,0.799,10.0,0.05,2.8,13.0,91624,54790
2026-01-19,SEG-013,Billing and Enrollment,11912,0.413,0.126,0.795,9.1,0.1,2.4,12.8,77689,54347
2026-01-26,SEG-013,Billing and Enrollment,11573,0.495,0.203,0.853,13.5,0.108,3.5,20.0,90581,24589
2026-02-02,SEG-013,Billing and Enrollment,9848,0.453,0.206,0.743,7.7,0.052,2.5,18.2,70515,41071
2026-02-09,SEG-013,Billing and Enrollment,8541,0.514,0.228,0.707,13.1,0.119,3.7,25.4,69394,38745
2026-02-16,SEG-013,Billing and Enrollment,9223,0.392,0.123,0.848,12.0,0.127,2.3,14.1,57101,33224
2026-02-23,SEG-013,Billing and Enrollment,10854,0.455,0.202,0.782,13.9,0.04,3.6,23.0,78020,37674
2026-03-02,SEG-013,Billing and Enrollment,9695,0.434,0.188,0.785,11.7,0.106,3.2,18.7,66423,20326
2026-03-09,SEG-013,Billing and Enrollment,11009,0.486,0.176,0.764,11.8,0.067,3.4,19.0,84546,33892
2026-03-16,SEG-013,Billing and Enrollment,11211,0.4,0.173,0.771,10.6,0.07,2.2,16.8,70847,47726
2026-03-23,SEG-013,Billing and Enrollment,8494,0.529,0.222,0.879,11.2,0.099,2.0,16.2,71021,17848
2026-03-30,SEG-013,Billing and Enrollment,9139,0.447,0.183,0.845,11.1,0.058,4.1,15.4,64496,29965
2026-04-06,SEG-013,Billing and Enrollment,8751,0.389,0.126,0.934,8.0,0.108,2.7,8.1,53783,37180
2026-04-13,SEG-013,Billing and Enrollment,10023,0.418,0.146,0.758,12.5,0.069,2.8,19.0,66265,43799
2026-04-20,SEG-013,Billing and Enrollment,10304,0.552,0.24,0.769,14.0,0.064,2.9,25.3,89870,35605
2026-04-27,SEG-013,Billing and Enrollment,10973,0.429,0.126,0.779,10.6,0.075,1.8,14.2,74371,32031
2026-05-04,SEG-013,Billing and Enrollment,11408,0.455,0.214,0.716,13.0,0.134,3.3,24.3,82065,52325
2026-05-11,SEG-013,Billing and Enrollment,12127,0.4,0.18,0.774,11.1,0.083,2.7,17.8,76614,41167
2026-05-18,SEG-013,Billing and Enrollment,10058,0.43,0.189,0.793,11.8,0.028,1.7,18.6,68382,32408
2026-01-05,SEG-014,Billing and Enrollment,11741,0.4,0.161,0.77,9.2,0.132,2.4,15.2,80685,60963
2026-01-12,SEG-014,Billing and Enrollment,11429,0.448,0.179,0.725,12.9,0.094,2.3,22.2,88047,28154
2026-01-19,SEG-014,Billing and Enrollment,12597,0.487,0.164,0.829,12.1,0.085,2.5,16.7,105591,56000
2026-01-26,SEG-014,Billing and Enrollment,10371,0.473,0.204,0.767,9.9,0.073,2.9,17.3,84418,47350
2026-02-02,SEG-014,Billing and Enrollment,9454,0.536,0.222,0.804,10.9,0.096,2.4,18.4,87135,43508
2026-02-09,SEG-014,Billing and Enrollment,10461,0.549,0.196,0.825,15.6,0.096,2.3,23.9,98848,40265
2026-02-16,SEG-014,Billing and Enrollment,10034,0.491,0.209,0.724,12.0,0.136,3.0,22.3,84676,32149
2026-02-23,SEG-014,Billing and Enrollment,10409,0.422,0.14,0.747,12.3,0.063,2.6,18.7,75611,49918
2026-03-02,SEG-014,Billing and Enrollment,10829,0.48,0.214,0.773,9.0,0.08,1.3,17.6,89388,54144
2026-03-09,SEG-014,Billing and Enrollment,9836,0.534,0.173,0.782,14.5,0.075,4.3,22.5,90352,32651
2026-03-16,SEG-014,Billing and Enrollment,8621,0.527,0.156,0.78,12.6,0.054,3.2,18.9,78105,32628
2026-03-23,SEG-014,Billing and Enrollment,10277,0.412,0.142,0.785,10.9,0.135,1.5,15.4,72739,45154
2026-03-30,SEG-014,Billing and Enrollment,10220,0.564,0.249,0.791,13.9,0.106,1.6,24.8,99141,26203
2026-04-06,SEG-014,Billing and Enrollment,11114,0.49,0.205,0.733,12.1,0.089,3.7,21.9,93706,53573
2026-04-13,SEG-014,Billing and Enrollment,9991,0.581,0.255,0.732,14.0,0.087,1.6,27.2,99777,45801
2026-04-20,SEG-014,Billing and Enrollment,9168,0.581,0.233,0.785,14.2,0.023,2.3,24.8,91676,34928
2026-04-27,SEG-014,Billing and Enrollment,9618,0.506,0.209,0.752,10.0,0.067,2.1,18.1,83626,31156
2026-05-04,SEG-014,Billing and Enrollment,10019,0.487,0.145,0.815,12.2,0.101,3.2,16.5,83850,29034
2026-05-11,SEG-014,Billing and Enrollment,9418,0.473,0.176,0.786,11.1,0.073,1.1,17.2,76540,33470
2026-05-18,SEG-014,Billing and Enrollment,9746,0.504,0.199,0.843,12.3,0.046,3.2,18.2,84521,26079
2026-01-05,SEG-015,Billing and Enrollment,9670,0.357,0.17,0.739,11.1,0.123,1.5,18.4,65990,24870
2026-01-12,SEG-015,Billing and Enrollment,8662,0.226,0.077,0.799,12.4,0.1,0.9,14.3,37340,23378
2026-01-19,SEG-015,Billing and Enrollment,11375,0.264,0.112,0.785,9.4,0.046,1.5,12.5,57262,30627
2026-01-26,SEG-015,Billing and Enrollment,9660,0.358,0.108,0.827,9.1,0.086,2.7,10.8,65990,28692
2026-02-02,SEG-015,Billing and Enrollment,10285,0.282,0.098,0.898,9.4,0.074,0.4,7.9,55371,29418
2026-02-09,SEG-015,Billing and Enrollment,9933,0.365,0.116,0.835,12.7,0.054,2.3,15.3,69161,27686
2026-02-16,SEG-015,Billing and Enrollment,11566,0.353,0.112,0.762,9.7,0.079,2.5,13.2,77947,30083
2026-02-23,SEG-015,Billing and Enrollment,9593,0.325,0.109,0.838,10.6,0.098,2.6,11.5,59458,22880
2026-03-02,SEG-015,Billing and Enrollment,10680,0.361,0.141,0.747,10.8,0.089,1.7,16.4,73650,17883
2026-03-09,SEG-015,Billing and Enrollment,9719,0.415,0.166,0.76,11.6,0.106,2.3,18.4,77049,29649
2026-03-16,SEG-015,Billing and Enrollment,9692,0.387,0.12,0.818,12.6,0.088,1.1,16.0,71701,15940
2026-03-23,SEG-015,Billing and Enrollment,6798,0.391,0.153,0.797,9.1,0.101,3.4,13.9,50730,17448
2026-03-30,SEG-015,Billing and Enrollment,9059,0.376,0.166,0.806,12.7,0.032,2.3,18.6,65093,14934
2026-04-06,SEG-015,Billing and Enrollment,8655,0.392,0.176,0.783,10.5,0.095,2.6,16.2,64749,22198
2026-04-13,SEG-015,Billing and Enrollment,9250,0.363,0.104,0.858,11.7,0.041,3.6,12.3,64195,22676
2026-04-20,SEG-015,Billing and Enrollment,9352,0.336,0.125,0.86,10.8,0.055,3.7,11.8,60089,29357
2026-04-27,SEG-015,Billing and Enrollment,8813,0.289,0.134,0.889,9.2,0.113,1.0,9.9,48610,15348
2026-05-04,SEG-015,Billing and Enrollment,8450,0.36,0.158,0.837,8.6,0.062,1.5,12.8,58045,23475
2026-05-11,SEG-015,Billing and Enrollment,10193,0.274,0.13,0.803,8.7,0.113,2.1,12.7,53289,23197
2026-05-18,SEG-015,Billing and Enrollment,7474,0.321,0.141,0.863,10.7,0.062,1.7,12.3,45859,15346
2026-01-05,SEG-016,Pharmacy Operations,5040,0.233,0.089,0.788,6.8,0.101,2.9,11.3,21132,28916
2026-01-12,SEG-016,Pharmacy Operations,4640,0.373,0.106,0.799,10.8,0.069,2.8,13.0,31140,14113
2026-01-19,SEG-016,Pharmacy Operations,4277,0.386,0.17,0.775,13.6,0.137,4.9,21.2,29700,20857
2026-01-26,SEG-016,Pharmacy Operations,4712,0.259,0.077,0.822,8.1,0.112,2.9,9.6,21996,15705
2026-02-02,SEG-016,Pharmacy Operations,5304,0.262,0.112,0.889,12.5,0.052,3.1,12.9,25038,19161
2026-02-09,SEG-016,Pharmacy Operations,3687,0.3,0.122,0.731,9.0,0.102,2.1,14.8,19890,17187
2026-02-16,SEG-016,Pharmacy Operations,5603,0.28,0.098,0.859,7.0,0.083,1.9,9.3,28224,29314
2026-02-23,SEG-016,Pharmacy Operations,4001,0.311,0.132,0.865,10.8,0.036,2.4,12.0,22410,23171
2026-03-02,SEG-016,Pharmacy Operations,5474,0.22,0.098,0.822,11.4,0.124,3.1,12.8,21672,23050
2026-03-09,SEG-016,Pharmacy Operations,5007,0.328,0.153,0.804,8.0,0.125,3.6,13.7,29592,18529
2026-03-16,SEG-016,Pharmacy Operations,5445,0.309,0.112,0.809,12.0,0.105,2.0,14.9,30312,25491
2026-03-23,SEG-016,Pharmacy Operations,5127,0.306,0.137,0.804,9.8,0.091,3.5,12.9,28224,18290
2026-03-30,SEG-016,Pharmacy Operations,4987,0.346,0.135,0.813,8.6,0.09,1.8,12.6,31086,20878
2026-04-06,SEG-016,Pharmacy Operations,4871,0.266,0.075,0.796,11.8,0.108,2.6,13.2,23346,14292
2026-04-13,SEG-016,Pharmacy Operations,4851,0.392,0.124,0.912,11.4,0.058,2.1,10.9,34254,18236
2026-04-20,SEG-016,Pharmacy Operations,3830,0.254,0.118,0.803,9.7,0.062,3.1,12.1,17532,16096
2026-04-27,SEG-016,Pharmacy Operations,5307,0.289,0.107,0.911,7.3,0.103,3.1,7.9,27612,30199
2026-05-04,SEG-016,Pharmacy Operations,5013,0.254,0.099,0.729,7.8,0.08,2.7,13.8,22950,16676
2026-05-11,SEG-016,Pharmacy Operations,4363,0.301,0.124,0.788,10.9,0.153,3.2,14.3,23652,23319
2026-05-18,SEG-016,Pharmacy Operations,4141,0.198,0.065,0.777,8.5,0.108,2.9,10.6,14760,22072
2026-01-05,SEG-017,Pharmacy Operations,6314,0.259,0.093,0.746,8.7,0.138,2.2,12.9,32536,27826
2026-01-12,SEG-017,Pharmacy Operations,7889,0.176,0.059,0.759,6.6,0.09,3.9,10.9,27621,54986
2026-01-19,SEG-017,Pharmacy Operations,5956,0.189,0.055,0.814,11.5,0.108,2.6,11.2,22388,39808
2026-01-26,SEG-017,Pharmacy Operations,6794,0.212,0.095,0.845,9.1,0.104,2.4,9.6,28696,47943
2026-02-02,SEG-017,Pharmacy Operations,7228,0.182,0.085,0.868,8.5,0.097,4.4,8.4,26129,42955
2026-02-09,SEG-017,Pharmacy Operations,7116,0.215,0.077,0.833,6.5,0.147,3.2,9.2,30387,45072
2026-02-16,SEG-017,Pharmacy Operations,5557,0.221,0.071,0.713,9.9,0.109,2.3,13.0,24417,38563
2026-02-23,SEG-017,Pharmacy Operations,8387,0.103,0.031,0.859,9.2,0.133,3.3,6.2,17233,36953
2026-03-02,SEG-017,Pharmacy Operations,6644,0.216,0.083,0.822,9.0,0.089,3.4,9.9,28556,39214
2026-03-09,SEG-017,Pharmacy Operations,6245,0.207,0.072,0.864,9.4,0.119,3.1,7.9,25671,23358
2026-03-16,SEG-017,Pharmacy Operations,6739,0.207,0.092,0.773,8.5,0.139,3.3,12.0,27721,50863
2026-03-23,SEG-017,Pharmacy Operations,8444,0.156,0.056,0.82,9.0,0.104,3.5,8.7,26228,59631
2026-03-30,SEG-017,Pharmacy Operations,6845,0.104,0.045,0.777,7.9,0.103,3.3,9.6,14169,29497
2026-04-06,SEG-017,Pharmacy Operations,7230,0.193,0.054,0.946,8.8,0.145,2.4,5,27800,36518
2026-04-13,SEG-017,Pharmacy Operations,6292,0.176,0.055,0.813,9.2,0.103,3.0,8.9,22069,24805
2026-04-20,SEG-017,Pharmacy Operations,7034,0.165,0.046,0.944,8.1,0.138,3.9,5,23124,38965
2026-04-27,SEG-017,Pharmacy Operations,6320,0.127,0.056,0.855,7.8,0.041,3.5,7.5,15960,40675
2026-05-04,SEG-017,Pharmacy Operations,8249,0.185,0.054,0.822,6.7,0.108,4.8,8.6,30288,64348
2026-05-11,SEG-017,Pharmacy Operations,7950,0.121,0.056,0.829,7.3,0.098,3.6,8.4,19124,54177
2026-05-18,SEG-017,Pharmacy Operations,6773,0.165,0.076,0.947,7.1,0.121,2.9,5.3,22268,27016
2026-01-05,SEG-018,Pharmacy Operations,6349,0.321,0.115,0.855,9.3,0.033,2.4,10.2,39537,29462
2026-01-12,SEG-018,Pharmacy Operations,5927,0.283,0.102,0.787,11.5,0.145,3.2,14.4,32553,31977
2026-01-19,SEG-018,Pharmacy Operations,6375,0.273,0.106,0.818,12.0,0.094,2.8,14.3,33756,30084
2026-01-26,SEG-018,Pharmacy Operations,7873,0.294,0.097,0.761,9.1,0.097,3.7,12.6,44872,32771
2026-02-02,SEG-018,Pharmacy Operations,7139,0.318,0.14,0.845,11.3,0.1,2.0,13.8,44096,31023
2026-02-09,SEG-018,Pharmacy Operations,6899,0.279,0.121,0.874,9.7,0.087,1.6,9.9,37306,42281
2026-02-16,SEG-018,Pharmacy Operations,7104,0.295,0.099,0.761,11.3,0.086,2.0,14.8,40624,21157
2026-02-23,SEG-018,Pharmacy Operations,5256,0.298,0.135,0.812,8.9,0.126,2.8,12.6,30400,21515
2026-03-02,SEG-018,Pharmacy Operations,6698,0.281,0.112,0.879,9.8,0.116,3.9,9.3,36453,21174
2026-03-09,SEG-018,Pharmacy Operations,6036,0.297,0.116,0.773,9.3,0.085,3.7,13.1,34784,38011
2026-03-16,SEG-018,Pharmacy Operations,6633,0.285,0.109,0.722,13.6,0.11,3.5,20.2,36685,28308
2026-03-23,SEG-018,Pharmacy Operations,7562,0.292,0.089,0.816,10.6,0.067,3.5,11.2,42874,29512
2026-03-30,SEG-018,Pharmacy Operations,7395,0.338,0.131,0.759,10.5,0.124,3.4,15.1,48500,26915
2026-04-06,SEG-018,Pharmacy Operations,5965,0.217,0.096,0.79,9.9,0.112,3.5,11.6,25084,22449
2026-04-13,SEG-018,Pharmacy Operations,6801,0.338,0.157,0.817,8.9,0.133,2.6,13.4,44542,19219
2026-04-20,SEG-018,Pharmacy Operations,7179,0.36,0.118,0.808,10.3,0.1,3.4,12.4,50071,39492
2026-04-27,SEG-018,Pharmacy Operations,6287,0.329,0.113,0.756,7.3,0.102,4.5,13.5,40100,33128
2026-05-04,SEG-018,Pharmacy Operations,6890,0.364,0.103,0.834,11.9,0.1,3.3,13.5,48675,42244
2026-05-11,SEG-018,Pharmacy Operations,6431,0.277,0.099,0.877,8.0,0.058,2.2,8.8,34571,26716
2026-05-18,SEG-018,Pharmacy Operations,6128,0.31,0.116,0.903,9.8,0.096,2.0,8.6,36860,27032
2026-01-05,SEG-019,Care Navigation,7533,0.324,0.113,0.705,11.6,0.075,1.6,17.8,41009,12029
2026-01-12,SEG-019,Care Navigation,6532,0.33,0.12,0.81,11.9,0.115,0.7,15.1,36204,14035
2026-01-19,SEG-019,Care Navigation,7278,0.316,0.104,0.848,11.2,0.038,2.8,11.8,38674,16829
2026-01-26,SEG-019,Care Navigation,5929,0.398,0.138,0.71,9.8,0.077,2.7,16.2,39614,9106
2026-02-02,SEG-019,Care Navigation,7010,0.244,0.112,0.863,9.9,0.076,0.6,9.8,28762,17207
2026-02-09,SEG-019,Care Navigation,7198,0.31,0.105,0.735,8.3,0.061,2.2,13.9,37514,13323
2026-02-16,SEG-019,Care Navigation,6233,0.258,0.113,0.954,8.4,0.107,2.3,6.8,27014,12001
2026-02-23,SEG-019,Care Navigation,6934,0.353,0.161,0.85,10.7,0.112,0.4,13.6,41076,10302
2026-03-02,SEG-019,Care Navigation,7114,0.329,0.128,0.852,11.5,0.076,0.9,13.2,39278,10756
2026-03-09,SEG-019,Care Navigation,6692,0.384,0.142,0.689,10.5,0.103,2.3,18.0,43126,13614
2026-03-16,SEG-019,Care Navigation,6447,0.414,0.189,0.858,10.5,0.073,2.9,14.2,44856,9005
2026-03-23,SEG-019,Care Navigation,6328,0.265,0.1,0.931,9.2,0.122,3.0,6.9,28190,10946
2026-03-30,SEG-019,Care Navigation,6159,0.284,0.107,0.816,8.0,0.076,1.4,11.2,29417,13732
2026-04-06,SEG-019,Care Navigation,7094,0.24,0.095,0.932,11.1,0.115,1.1,8.4,28610,13593
2026-04-13,SEG-019,Care Navigation,7758,0.293,0.11,0.84,12.7,0.076,2.0,14.8,38220,20462
2026-04-20,SEG-019,Care Navigation,5815,0.367,0.158,0.851,9.4,0.07,2.3,12.3,35834,7523
2026-04-27,SEG-019,Care Navigation,7202,0.28,0.082,0.802,11.5,0.04,1.8,12.8,33919,14645
2026-05-04,SEG-019,Care Navigation,6008,0.325,0.108,0.789,13.7,0.103,0.6,18.0,32760,12331
2026-05-11,SEG-019,Care Navigation,5978,0.289,0.129,0.812,9.7,0.098,1.8,12.3,29014,9121
2026-05-18,SEG-019,Care Navigation,6858,0.278,0.094,0.794,11.8,0.125,1.5,14.2,31987,13755
2026-01-05,SEG-020,Care Navigation,6595,0.229,0.093,0.896,11.3,0.087,3.4,9.9,25033,26222
2026-01-12,SEG-020,Care Navigation,4148,0.175,0.071,0.852,11.4,0.078,2.5,10.5,12018,18805
2026-01-19,SEG-020,Care Navigation,5085,0.216,0.098,0.839,9.2,0.094,2.2,10.0,18243,15807
2026-01-26,SEG-020,Care Navigation,5815,0.154,0.072,0.844,9.4,0.097,3.2,8.6,14857,26349
2026-02-02,SEG-020,Care Navigation,6979,0.277,0.119,0.855,12.8,0.124,2.8,14.8,32088,17003
2026-02-09,SEG-020,Care Navigation,5891,0.223,0.091,0.84,9.1,0.085,2.1,9.6,21763,19404
2026-02-16,SEG-020,Care Navigation,5794,0.164,0.059,0.905,8.3,0.11,3.1,6.0,15803,29223
2026-02-23,SEG-020,Care Navigation,5211,0.256,0.086,0.739,7.5,0.113,2.3,12.8,22128,24070
2026-03-02,SEG-020,Care Navigation,5613,0.215,0.096,0.849,9.3,0.087,3.0,9.6,19986,14539
2026-03-09,SEG-020,Care Navigation,5880,0.233,0.083,0.849,12.4,0.072,2.4,12.8,22759,31172
2026-03-16,SEG-020,Care Navigation,5587,0.286,0.125,0.789,10.3,0.092,3.4,13.4,26510,27675
2026-03-23,SEG-020,Care Navigation,5084,0.192,0.089,0.879,7.3,0.074,1.2,8.2,16168,26564
2026-03-30,SEG-020,Care Navigation,4921,0.244,0.092,0.815,11.7,0.111,2.7,13.2,19920,25204
2026-04-06,SEG-020,Care Navigation,5896,0.267,0.087,0.843,12.6,0.077,2.7,13.6,26178,24344
2026-04-13,SEG-020,Care Navigation,5638,0.265,0.113,0.825,11.1,0.12,4.1,12.9,24767,17405
2026-04-20,SEG-020,Care Navigation,6545,0.246,0.089,0.772,9.5,0.085,4.2,11.9,26709,30115
2026-04-27,SEG-020,Care Navigation,6433,0.266,0.077,0.819,10.2,0.07,1.7,10.0,28386,19378
2026-05-04,SEG-020,Care Navigation,6003,0.281,0.094,0.832,9.6,0.089,2.8,10.1,28037,19911
2026-05-11,SEG-020,Care Navigation,5608,0.187,0.064,0.836,10.6,0.131,2.6,9.5,17430,13652
2026-05-18,SEG-020,Care Navigation,5521,0.229,0.073,0.809,10.2,0.1,5.7,10.2,20933,23857
2026-01-05,SEG-021,Care Navigation,5765,0.274,0.099,0.779,7.5,0.117,2.7,12.1,27299,15797
2026-01-12,SEG-021,Care Navigation,6055,0.217,0.073,0.816,9.5,0.117,1.8,9.6,22767,21087
2026-01-19,SEG-021,Care Navigation,6131,0.214,0.085,0.858,7.6,0.075,3.2,8.7,22732,12090
2026-01-26,SEG-021,Care Navigation,6356,0.184,0.079,0.896,8.4,0.062,1.9,7.1,20172,14991
2026-02-02,SEG-021,Care Navigation,6931,0.262,0.113,0.879,10.9,0.024,1.6,10.7,31434,17911
2026-02-09,SEG-021,Care Navigation,5563,0.255,0.122,0.783,10.7,0.033,3.8,14.1,24497,11195
2026-02-16,SEG-021,Care Navigation,6350,0.383,0.169,0.83,10.2,0.053,2.6,13.8,42022,11917
2026-02-23,SEG-021,Care Navigation,5804,0.306,0.13,0.808,9.9,0.108,2.0,12.5,30708,14958
2026-03-02,SEG-021,Care Navigation,5653,0.221,0.102,0.72,8.1,0.093,2.3,14.2,21608,13094
2026-03-09,SEG-021,Care Navigation,5764,0.2,0.061,0.845,9.8,0.069,1.4,8.1,19912,17285
2026-03-16,SEG-021,Care Navigation,4834,0.26,0.098,0.859,10.8,0.084,3.5,10.6,21763,13942
2026-03-23,SEG-021,Care Navigation,6713,0.223,0.082,0.806,8.8,0.089,2.9,10.4,25846,27364
2026-03-30,SEG-021,Care Navigation,6590,0.227,0.09,0.906,7.4,0.108,3.9,7.3,25933,20799
2026-04-06,SEG-021,Care Navigation,7500,0.273,0.083,0.823,12.7,0.101,1.9,14.0,35430,15405
2026-04-13,SEG-021,Care Navigation,5609,0.259,0.122,0.752,8.9,0.112,2.1,14.1,25102,17406
2026-04-20,SEG-021,Care Navigation,7793,0.202,0.089,0.915,9.3,0.087,2.9,7.0,27196,28351
2026-04-27,SEG-021,Care Navigation,6686,0.234,0.09,0.83,7.6,0.09,2.8,9.9,27109,20587
2026-05-04,SEG-021,Care Navigation,7368,0.229,0.072,0.86,8.8,0.041,1.9,8.1,29185,27406
2026-05-11,SEG-021,Care Navigation,6610,0.187,0.064,0.822,11.4,0.058,2.4,11.3,21383,21290
2026-05-18,SEG-021,Care Navigation,5433,0.189,0.081,0.829,9.6,0.086,2.0,9.5,17750,18012
2026-01-05,SEG-022,Risk Adjustment Support,4075,0.282,0.102,0.811,9.6,0.082,2.6,11.1,21275,25351
2026-01-12,SEG-022,Risk Adjustment Support,4207,0.301,0.143,0.797,9.4,0.09,2.6,13.5,23384,16816
2026-01-19,SEG-022,Risk Adjustment Support,4117,0.327,0.124,0.771,10.8,0.082,3.5,14.8,24920,25105
2026-01-26,SEG-022,Risk Adjustment Support,3632,0.22,0.063,0.821,10.0,0.106,2.6,9.0,14800,16488
2026-02-02,SEG-022,Risk Adjustment Support,3803,0.297,0.133,0.803,7.6,0.092,2.5,12.8,20886,16385
2026-02-09,SEG-022,Risk Adjustment Support,3449,0.289,0.106,0.72,9.7,0.115,4.1,14.4,18463,21323
2026-02-16,SEG-022,Risk Adjustment Support,3454,0.248,0.107,0.812,10.4,0.134,3.3,12.0,15836,21935
2026-02-23,SEG-022,Risk Adjustment Support,3490,0.219,0.079,0.871,7.0,0.118,3.2,8.1,14134,11619
2026-03-02,SEG-022,Risk Adjustment Support,3769,0.303,0.131,0.897,11.7,0.13,3.5,12.2,21108,13369
2026-03-09,SEG-022,Risk Adjustment Support,3832,0.245,0.082,0.815,8.4,0.054,4.2,10.1,17353,12596
2026-03-16,SEG-022,Risk Adjustment Support,3431,0.156,0.058,0.95,12.2,0.118,4.2,7.9,9879,21022
2026-03-23,SEG-022,Risk Adjustment Support,3608,0.261,0.101,0.84,9.2,0.099,2.4,10.1,17390,15314
2026-03-30,SEG-022,Risk Adjustment Support,4351,0.318,0.147,0.834,8.1,0.12,4.3,12.4,25567,16966
2026-04-06,SEG-022,Risk Adjustment Support,4159,0.303,0.144,0.847,9.3,0.095,3.2,11.8,23328,27845
2026-04-13,SEG-022,Risk Adjustment Support,3015,0.282,0.081,0.845,8.7,0.097,3.1,9.0,15688,16953
2026-04-20,SEG-022,Risk Adjustment Support,3567,0.282,0.086,0.913,10.4,0.08,3.2,7.6,18592,16452
2026-04-27,SEG-022,Risk Adjustment Support,4051,0.287,0.103,0.802,12.5,0.106,3.2,15.4,21460,16046
2026-05-04,SEG-022,Risk Adjustment Support,3933,0.348,0.161,0.745,7.5,0.144,2.1,16.1,25345,18063
2026-05-11,SEG-022,Risk Adjustment Support,4167,0.26,0.089,0.842,8.8,0.089,2.2,9.5,19998,18901
2026-05-18,SEG-022,Risk Adjustment Support,3992,0.297,0.131,0.864,7.8,0.142,3.4,10.7,21886,22649
2026-01-05,SEG-023,Risk Adjustment Support,4613,0.389,0.143,0.753,11.3,0.09,3.4,17.1,36798,18734
2026-01-12,SEG-023,Risk Adjustment Support,4214,0.43,0.145,0.71,12.3,0.154,5.4,20.1,37105,30442
2026-01-19,SEG-023,Risk Adjustment Support,4584,0.334,0.115,0.823,13.8,0.142,3.5,17.4,31426,29799
2026-01-26,SEG-023,Risk Adjustment Support,3995,0.42,0.119,0.711,9.3,0.161,2.2,15.3,34358,27548
2026-02-02,SEG-023,Risk Adjustment Support,4748,0.345,0.098,0.754,9.4,0.087,3.0,12.8,33620,21897
2026-02-09,SEG-023,Risk Adjustment Support,5257,0.346,0.129,0.699,9.4,0.115,3.0,16.2,37310,32083
2026-02-16,SEG-023,Risk Adjustment Support,5599,0.337,0.136,0.829,7.7,0.145,3.1,12.0,38663,35252
2026-02-23,SEG-023,Risk Adjustment Support,4706,0.317,0.09,0.758,11.9,0.129,4.8,15.4,30586,26682
2026-03-02,SEG-023,Risk Adjustment Support,4794,0.311,0.096,0.819,9.3,0.171,4.2,10.6,30545,17490
2026-03-09,SEG-023,Risk Adjustment Support,4184,0.413,0.181,0.795,12.0,0.11,3.9,18.5,35362,18605
2026-03-16,SEG-023,Risk Adjustment Support,5125,0.409,0.179,0.743,15.3,0.112,3.1,25.5,42988,36883
2026-03-23,SEG-023,Risk Adjustment Support,5944,0.379,0.157,0.876,11.3,0.113,3.2,13.6,46166,44118
2026-03-30,SEG-023,Risk Adjustment Support,4314,0.318,0.135,0.814,8.4,0.124,2.0,12.6,28106,20791
2026-04-06,SEG-023,Risk Adjustment Support,4743,0.359,0.121,0.765,9.5,0.116,1.5,13.6,34891,23459
2026-04-13,SEG-023,Risk Adjustment Support,5031,0.327,0.147,0.885,10.1,0.107,3.7,10.8,33702,25977
2026-04-20,SEG-023,Risk Adjustment Support,5242,0.366,0.118,0.783,8.5,0.108,2.4,12.8,39278,27770
2026-04-27,SEG-023,Risk Adjustment Support,5437,0.356,0.103,0.742,11.6,0.118,2.1,16.1,39647,36360
2026-05-04,SEG-023,Risk Adjustment Support,5550,0.344,0.16,0.787,12.5,0.138,3.3,18.6,39155,31367
2026-05-11,SEG-023,Risk Adjustment Support,4825,0.398,0.124,0.791,12.5,0.139,4.1,16.8,39319,35928
2026-05-18,SEG-023,Risk Adjustment Support,4798,0.43,0.142,0.772,11.7,0.109,2.6,17.1,42250,27106
2026-01-05,SEG-024,Risk Adjustment Support,4271,0.382,0.146,0.759,11.6,0.125,2.2,17.4,34393,20312
2026-01-12,SEG-024,Risk Adjustment Support,3781,0.359,0.149,0.798,11.8,0.165,4.7,16.5,28612,26427
2026-01-19,SEG-024,Risk Adjustment Support,4245,0.334,0.125,0.844,11.1,0.121,4.3,12.8,29920,35539
2026-01-26,SEG-024,Risk Adjustment Support,3956,0.397,0.174,0.733,9.1,0.133,2.8,17.1,33127,34201
2026-02-02,SEG-024,Risk Adjustment Support,4159,0.403,0.167,0.764,10.1,0.079,4.7,15.9,35342,32606
2026-02-09,SEG-024,Risk Adjustment Support,3805,0.357,0.119,0.814,9.8,0.113,2.0,11.8,28654,29579
2026-02-16,SEG-024,Risk Adjustment Support,4158,0.315,0.134,0.863,9.7,0.117,3.6,10.8,27662,23020
2026-02-23,SEG-024,Risk Adjustment Support,4060,0.332,0.132,0.864,11.3,0.147,3.1,12.7,28401,26834
2026-03-02,SEG-024,Risk Adjustment Support,4468,0.323,0.151,0.774,9.8,0.133,4.6,14.6,30447,22768
2026-03-09,SEG-024,Risk Adjustment Support,4257,0.369,0.123,0.823,8.9,0.098,3.1,11.7,33169,33345
2026-03-16,SEG-024,Risk Adjustment Support,4546,0.317,0.137,0.807,7.5,0.083,2.4,12.8,30405,25461
2026-03-23,SEG-024,Risk Adjustment Support,4201,0.316,0.106,0.831,10.9,0.179,2.9,12.1,27958,23634
2026-03-30,SEG-024,Risk Adjustment Support,3971,0.376,0.127,0.883,10.9,0.118,3.6,11.2,31502,28451
2026-04-06,SEG-024,Risk Adjustment Support,3664,0.392,0.12,0.772,10.3,0.088,4.2,13.7,30342,21001
2026-04-13,SEG-024,Risk Adjustment Support,3079,0.309,0.142,0.822,13.4,0.106,3.8,18.0,20066,13193
2026-04-20,SEG-024,Risk Adjustment Support,3943,0.344,0.122,0.804,7.0,0.127,3.7,12.3,28591,28654
2026-04-27,SEG-024,Risk Adjustment Support,4053,0.333,0.112,0.783,12.5,0.168,3.2,16.5,28443,30447
2026-05-04,SEG-024,Risk Adjustment Support,4509,0.445,0.202,0.731,12.4,0.136,4.0,22.3,42369,22600
2026-05-11,SEG-024,Risk Adjustment Support,4173,0.392,0.181,0.767,11.7,0.118,4.6,18.9,34498,33328
2026-05-18,SEG-024,Risk Adjustment Support,4648,0.246,0.111,0.914,6.9,0.083,2.7,8.0,24096,37104
